{
  "test_lpips": 0.9438101053237915,
  "step": 0
}{
  "test_lpips": 0.06271287798881531,
  "step": 60000
}