{
  "test_ssim": 0.6878770589828491,
  "step": 0
}{
  "test_ssim": 0.9933156967163086,
  "step": 60000
}