{
  "test_lpips": 0.029053568840026855,
  "step": 220000
}{
  "test_lpips": 0.028677120804786682,
  "step": 240000
}{
  "test_lpips": 0.028327517211437225,
  "step": 250000
}{
  "test_lpips": 0.027652112767100334,
  "step": 260000
}{
  "test_lpips": 0.027777772396802902,
  "step": 270000
}