{
  "test_ssim": 0.9963251948356628,
  "step": 220000
}{
  "test_ssim": 0.9963502287864685,
  "step": 240000
}{
  "test_ssim": 0.9963895678520203,
  "step": 250000
}{
  "test_ssim": 0.9964194893836975,
  "step": 260000
}{
  "test_ssim": 0.9964126348495483,
  "step": 270000
}