{
  "test_lpips": 1.0018044710159302,
  "step": 0
}{
  "test_lpips": 0.11150173842906952,
  "step": 60000
}