{
  "test_ssim": 0.6260905265808105,
  "step": 0
}{
  "test_ssim": 0.9838107228279114,
  "step": 60000
}