{
  "test_lpips": 0.9484367370605469,
  "step": 0
}{
  "test_lpips": 0.10124044120311737,
  "step": 60000
}