{
  "test_ssim": 0.6350101828575134,
  "step": 0
}{
  "test_ssim": 0.9844129085540771,
  "step": 60000
}