{
  "test_lpips": 0.981529176235199,
  "step": 0
}{
  "test_lpips": 0.04336181655526161,
  "step": 60000
}