{
  "test_ssim": 0.6103823184967041,
  "step": 0
}{
  "test_ssim": 0.9949204921722412,
  "step": 60000
}