{
  "test_lpips": 1.0135124921798706,
  "step": 0
}{
  "test_lpips": 0.120899498462677,
  "step": 60000
}