{
  "best_psnr": 6.345119953155518,
  "best_psnr_step": 0,
  "train_psnr": 0
}{
  "best_psnr": 23.60038948059082,
  "best_psnr_step": 60000,
  "train_psnr": 24.62175941467285
}