{
  "test_ssim": 0.6503137350082397,
  "step": 0
}{
  "test_ssim": 0.9889187216758728,
  "step": 60000
}