{
  "test_lpips": 0.09212640672922134,
  "step": 220000
}{
  "test_lpips": 0.09003189951181412,
  "step": 240000
}{
  "test_lpips": 0.08901616185903549,
  "step": 260000
}