{
  "best_psnr": 24.64299201965332,
  "best_psnr_step": 220000,
  "train_psnr": 31.567232131958008
}{
  "best_psnr": 24.777503967285156,
  "best_psnr_step": 240000,
  "train_psnr": 30.321304321289062
}{
  "best_psnr": 24.849756240844727,
  "best_psnr_step": 260000,
  "train_psnr": 29.153703689575195
}