{
  "test_ssim": 0.9856945872306824,
  "step": 220000
}{
  "test_ssim": 0.9859922528266907,
  "step": 240000
}{
  "test_ssim": 0.9861859083175659,
  "step": 260000
}