{
  "test_lpips": 1.0226603746414185,
  "step": 0
}{
  "test_lpips": 0.09353440999984741,
  "step": 60000
}