{
  "best_psnr": 7.566524505615234,
  "best_psnr_step": 0,
  "train_psnr": 0
}{
  "best_psnr": 29.200780868530273,
  "best_psnr_step": 60000,
  "train_psnr": 29.15467643737793
}