{
  "test_ssim": 0.7362756729125977,
  "step": 0
}{
  "test_ssim": 0.9954365491867065,
  "step": 60000
}