{
  "test_lpips": 0.04659478738903999,
  "step": 220000
}{
  "test_lpips": 0.04546282812952995,
  "step": 240000
}{
  "test_lpips": 0.04445448890328407,
  "step": 250000
}{
  "test_lpips": 0.04309059679508209,
  "step": 270000
}