{
  "test_ssim": 0.9904614090919495,
  "step": 220000
}{
  "test_ssim": 0.9905632734298706,
  "step": 240000
}{
  "test_ssim": 0.9906311631202698,
  "step": 250000
}{
  "test_ssim": 0.9909655451774597,
  "step": 270000
}