{
  "test_lpips": 1.0507266521453857,
  "step": 0
}{
  "test_lpips": 0.07092811167240143,
  "step": 60000
}