{
  "test_ssim": 0.6937206983566284,
  "step": 0
}{
  "test_ssim": 0.9964792132377625,
  "step": 60000
}