{
  "test_lpips": 0.9881134629249573,
  "step": 0
}{
  "test_lpips": 0.0698321983218193,
  "step": 60000
}