{
  "best_psnr": 6.74664306640625,
  "best_psnr_step": 0,
  "train_psnr": 0
}{
  "best_psnr": 28.812740325927734,
  "best_psnr_step": 60000,
  "train_psnr": 29.818225860595703
}