{
  "test_ssim": 0.6317210793495178,
  "step": 0
}{
  "test_ssim": 0.9872344732284546,
  "step": 60000
}