{
  "test_lpips": 0.9789564609527588,
  "step": 0
}{
  "test_lpips": 0.18139812350273132,
  "step": 60000
}