{
  "best_psnr": 6.748913288116455,
  "best_psnr_step": 0,
  "train_psnr": 0
}{
  "best_psnr": 21.57315444946289,
  "best_psnr_step": 60000,
  "train_psnr": 24.358137130737305
}