{
  "test_ssim": 0.6480094790458679,
  "step": 0
}{
  "test_ssim": 0.9751808047294617,
  "step": 60000
}