{
  "best_psnr": 22.9401798248291,
  "best_psnr_step": 70000,
  "train_psnr": 26.56861114501953
}