{
  "test_lpips": 0.03488241136074066,
  "step": 210000
}{
  "test_lpips": 0.032521411776542664,
  "step": 240000
}{
  "test_lpips": 0.03133685514330864,
  "step": 260000
}