{
  "test_ssim": 0.9977123737335205,
  "step": 210000
}{
  "test_ssim": 0.9978384375572205,
  "step": 240000
}{
  "test_ssim": 0.9978355169296265,
  "step": 260000
}