{
  "best_psnr": 30.42706871032715,
  "best_psnr_step": 70000,
  "train_psnr": 30.82146453857422
}