{
  "test_lpips": 1.0860931873321533,
  "step": 0
}{
  "test_lpips": 0.14003168046474457,
  "step": 60000
}