{
  "test_ssim": 0.6693211197853088,
  "step": 0
}{
  "test_ssim": 0.9805593490600586,
  "step": 60000
}