{
  "test_lpips": 1.0561984777450562,
  "step": 0
}{
  "test_lpips": 0.07047243416309357,
  "step": 60000
}