{
  "best_psnr": 5.998473167419434,
  "best_psnr_step": 0,
  "train_psnr": 0
}{
  "best_psnr": 30.35448455810547,
  "best_psnr_step": 60000,
  "train_psnr": 30.667802810668945
}