{
  "test_ssim": 0.6132256388664246,
  "step": 0
}{
  "test_ssim": 0.9963901042938232,
  "step": 60000
}