{
  "test_lpips": 1.0078520774841309,
  "step": 0
}{
  "test_lpips": 0.15120317041873932,
  "step": 60000
}