{
  "best_psnr": 7.454873085021973,
  "best_psnr_step": 0,
  "train_psnr": 0
}{
  "best_psnr": 24.84972381591797,
  "best_psnr_step": 60000,
  "train_psnr": 25.687381744384766
}