{
  "test_ssim": 0.6809298396110535,
  "step": 0
}{
  "test_ssim": 0.9780296683311462,
  "step": 60000
}