{
  "H": 100,
  "W": 100,
  "focal": 156.2500063021061,
  "radius": 4.031128406524658,
  "near": 2,
  "far": 6,
  "n_sample": 8,
  "numtires": 6
}